{
  "GazeInference": {
    "status": "SUCCESS",
    "message": ""
  },
  "InSessionCalibration": [
    {
      "start_time_us": 85952057,
      "end_time_us": 153870057,
      "params": [
        1.0106903523900608,
        0.9985651154240216,
        0.9545276515210122,
        -0.09767664186780649,
        0.04035773736707578,
        -0.08058737723297159
      ],
      "session_uid": "9baef7f9-3d9a-45a1-9fda-3816212a182d",
      "status": "SUCCESS",
      "message": "",
      "num_detections": 3561,
      "diopter_delta": 0.12642921394925732
    }
  ],
  "CalibrationCorrection": [
    {
      "status": "SUCCESS",
      "message": "",
      "session_uid": "9baef7f9-3d9a-45a1-9fda-3816212a182d",
      "generalized_error_rads_stats": {
        "mean": 0.08514491865657778,
        "std": 0.0931694344656399,
        "min": 0.01996621592446604,
        "max": 0.9492564468697371,
        "p25": 0.06751060839685402,
        "p50": 0.07406274889504136,
        "p75": 0.07936709015646579,
        "p95": 0.09620320180646637
      },
      "calibrated_error_rads_stats": {
        "mean": 0.027966602846289757,
        "std": 0.09984834207849191,
        "min": 0.0003334390107160442,
        "max": 0.9500866400376713,
        "p25": 0.007304643254340661,
        "p50": 0.013071396847218182,
        "p75": 0.02117867044632452,
        "p95": 0.03994154587831246
      }
    }
  ]
}